"§2    Styreverv mv.          Fylkestingsrepresentant Telemark fylkesting, godtgjort (permisjon"
                             uten lønn mens jeg møter på stortinget).
"                             Medlem av utvalg for utdanning, folkehelse og tannhelse Telemark"
"                             fylkeskommune, godtgjort (permisjon uten lønn mens jeg møter på"
                             Stortinget).
"                             Vara fylkesutvalget i Telemark fylkeskommune, godtgjort (permisjon"
                             uten lønn mens jeg møter på Stortinget).
"                             Vara til Partssammensatt utvalg i Telemark fylkeskommune, godtgjort"
                             (permisjon uten lønn mens jeg møter på Stortinget).
"                             Leder av ungdomsutvalget Fagforbundet Telemark, godtgjort"
                             (permisjon uten lønn mens jeg møter på Stortinget).
"                             Vara OKOS Telemark, honorar (permisjon uten lønn mens jeg møter"
                             på Stortinget).
"                                 Styremedlem Fagforbundet Telemark, godtgjort (permisjon uten lønn"
                                 mens jeg møter på Stortinget).
"                                 Medlem av LOs ungdomsutvalg i Telemark, ikke godtgjort (permisjon"
                                 uten lønn mens jeg møter på Stortinget)
§4    Lønnet stilling m.v.       Ungdomstillitsvalgt i fagforbundet Telemark (permisjon uten lønn
                                 mens jeg møter på stortinget)
"§5    Tidligere arbeidsgiver     Alle lønnsutbetalinger er stoppet mens jeg møter på Stortinget, det"
                                 samme gjelder velferdsgoder og pensjonsrettigheter.
§6    Framtidig arbeidsgiver     Jeg har mens jeg møter som fast møtende vara permisjon fra alle verv
"                                 i Fagforbundet, men vil beholde vervet mitt ut valgperioden som er"
                                 mars 2027.
