"§2    Styreverv mv.            Leder interesseorganisasjon, The Seagulls Norway (org.nr"
"                               922151458), ikke lønnet"
"                               Leder interesseorganisasjon, Furutangen Hyttevelforening (org.nr."
"                               996849015), godtgjørelse."
"§5    Tidligere arbeidsgiver   Permisjon fra Visma Software Norge AS, org.nr. 933646920, inntil"
"                               rollen som stortingsrepresentant opphører. Mottar ingen lønn,"
"                                 godtgjørelser, naturalytelser, pensjon eller andre ytelser gjennom"
                                 permisjonens varighet.
§9    Selskapsinteresser         Selskap: 991 356 568 Furutangen Aktivitetssenter AS
                                 Selskapsform: Aksjeselskap
                                 Antall aksjer: 3
                                 Formueverdi: 5.217
