"§2    Styreverv mv.              Styremedlem i organisasjonen NOK, Hamar. Mottar honorar for"
                                 oppmøte.
                                 Styremedlem i Frivillighetssentralen. Ikke godtgjørelse.
                                 Styremedlem i Hamar AP. Ikke godtgjørelse.
"                                 Medlem i Internasjonal utvalg, Innlandet. Ikke godtgjørelse."
§4    Lønnet stilling m.v.       Jeg har permisjon fra min stilling i Integrerings- og
"                                 mangfoldsdirektoratet f.o.m. 01.10.25 og for 4 år, med 3 mnd"
                                 forvarsel hvis jeg ikke lenger er fast møtende vara og må tilbake til
                                 jobben.
"§9    Selskapsinteresser         Eier 49% av aksjene i Gyllen AS, et lite familieselskap, hvor min"
                                 sønn eier resterende 51%.
