"§2    Styreverv mv.              Medlem kommunestyre Lillestrøm kommune, møtegodtgjørelse"
"                                 Vara utvalg Lillestrøm kommune, møtegodtgjørelse dersom det er"
                                 behov for å møte.
"                                 Vara bedriftsforsamling Vinmonopolet, møtegodtgjørelse dersom det"
                                 er behov for å møte.
"                                 Valgkomite Mira IKS, Lillestrøm parkering, møtegodtgjørelse når"
                                 behov for å møte.
§4    Lønnet stilling m.v.       Permisjon som politi ved Øst pd. Får ingen lønn eller godtgjørelse
                                 under permisjon.
§5    Tidligere arbeidsgiver     Permisjon som politi ved Øst pd. Får ingen lønn eller godtgjørelse
                                 under permisjon.
