"§2    Styreverv mv.            Medlem av Harstad Kommunestyre, Formannskapet og"
"                               partssammensatt utvalg i Harstad Kommune - Ulønnet, mottar"
                               møtegodtgjørelse i henhold til reglement:
                               https://www.harstad.kommune.no/politisk-reglement.4880506-
                               177640.html
                               Ikke tiltrådt medlem av Troms Fylkesting - Fritak / Permisjon som
                               følge av innkalling til Stortinget. Ikke lønnet.
                               Vara til styret - Hålogaland Ressursselskap IKS - ORG.NR.
                               959019126 - møtegodtgjørelse
                               Medlem av valgkomite - Hålogaland Kraft Holding AS - 925756563 -
                               Ulønnet
§4    Lønnet stilling m.v.     Ulønnet permisjon fra Stilling som Organisasjonsarbeider - 100 %
                               stilling - Fellesforbundet Nordre Nordland og Sør-Troms
§6    Framtidig arbeidsgiver   Organisasjonsarbeider - 100 % stilling - Fellesforbundet Nordre
                               Nordland og Sør-Troms
