"§2    Styreverv mv.              Medlem av kommunestyret, Moss kommune, møtegodtgjørelse."
"                                 Medlem av hovedutvalg for helse og mestring, Moss kommune,"
                                 møtegodtgjørelse.
"                                 Varamedlem formannskap, Moss kommune, møtegodtgjørelse."
"                             Varamedlem hovedutvalg for plan, bygg og teknisk, Moss kommune,"
                             møtegodtgjørelse.
"                             Plasstillitsvalgt for Fagforbundet, Kirkens bymisjon, Virksomhet"
"                             Familieforum Øst, ikke godtgjørelse."
"§4   Lønnet stilling m.v.    Koordinator i Home-Start, Stiftelsen Kirkens Bymisjon"
"                             Hovedtillitsvalgt (Fagforbundet) Region øst, Stiftelsen Kirkens"
                             Bymisjon
