"§2    Styreverv mv.            Styremedlem Futuragruppen AS, (styrehonorar)."
"                               I styrehonoraret for Futuragruppen AS, inngår styremedlem i Follo"
"                               Futura AS, Stepp Inn AS, Opplæringskontoret i Follo AS og"
                               Brekkeveien 43 AS
                               Alle disse er datterselskaper i Futuragruppen AS
"                               Varamedlem AS Fasaden, (honorar kun ved deltakelse i møter)."
                               Styremedlem Felleslegatet for Kråkstad Sokn (ulønnet).
                               Styremedlem EMPO AS (godtgjort).
"                               Varamedlem ""Av og til"" (tar ikke imot honorar)."
"§4    Lønnet stilling m.v.     Nordre Follo kommune, ansatt fra 01.08.20, permisjon uten lønn."
