"§2   Styreverv mv.            - Bystyret, Skien Kommune, medlem, godtgjøring"
"                              - Gruppeleder Skien Høyre, godtgjøring"
"                              - Formannskapet, Skien Kommune, medlem, godtgjøring"
"                              - Utvalg for teknisk sektor, Skien kommune, vararepresentant,"
                              godtgjøring ved oppmøte
"                              - Partssammensatt utvalg, Skien kommune, medlem, godtgjøring"
"                              - Klagenemnda, Skien kommune, varamedlem, godtgjøring ved"
                              oppmøte
"                              - Valgstyret, Skien kommune, medlem, godtgjøring via"
                              gruppelederfunksjonen
"                              - Utvalg for inkludering, frivillighet og kultur, Skien kommune,"
"                              vararepresentant, godtgjøring ved oppmøte"
"                              - Utvalg for oppvekst, Skien kommune, vararepresentant, godtgjøring"
                              ved oppmøte
"                              - Klagenemnda for eiendomsskattesaker, Skien kommune,"
"                              vararepresentant, godtgjøring ved oppmøte"
"                              -Arbeidsgruppe for etiske retningslinjer, nestleder, Skien kommune,"
                              godtgjøring via gruppelederfunksjon
"                              - Arbeidsgruppe for godtgjøringsreglement til folkevalgte, medlem,"
"                              Skien kommune, godtgjøring via gruppelederfunksjon"
"                              - Arbeidsgruppe for eierskapsmelding, Skien kommune, medlem,"
                              godtgjøring via gruppelederfunksjon
"                              - Skien næringsfond AS, styremedlem, styrehonorar"
"                              - Skien Dalen skipsselskap, medlem av valgkomiteen, ingen"
                              godtgjøring
"                              - Skien Høyre, styremedlem via gruppelederfunksjon, ingen"
                              godtgjøring
"                              - Renovasjon i Grenland IKS, medlem i representantskapet,"
                              godtgjøring ved oppmøte
"                              - Sør-Øst 110 IKS, vararepresentant til representantskapet,"
                              godtgjøring ved oppmøte
"                              - Grenland Brann og Redning IKS, leder av representantskapet,"
                              godtgjøring
                              - Kommunalt oppgavefellesskap for klima -og miljøberedskap i
"                              Telemark, leder av representantskapet, godtgjøring"
"                              - Grenlandssamarbeidet IPR, medlem, godtgjøring via"
                              gruppelederfunksjon
"                              - Valgkomiteen, Skien kommune, medlem, godtgjøring via"
                              gruppelederfunksjon
"§4   Lønnet stilling m.v.     Telemark Fylkeskommune, Skien Videregående Skole, samfunnsfag"
"                              og økonomi avdeling, undervisningspersonell"
"§10   Utenlandsreiser            25-27 Mars 2026. Reykjavik, Iceland. Fly og hotell/opphold betalt av"
"                                 Konrad-Adeanuer-Stiftung. ""Icelandic – Nordic – German cooperation"
                                 in
                                 challenging times of transatlantic relations. The German foundation
                                 Konrad-Adeanuer-Stiftung Nordics countries and the Icelandic think
                                 tank Varða invite you to a roundtable discussion on the changing
"                                 security architecture of the North Atlantic."""
