"§2    Styreverv mv.              2. Nestleder, Fremskrittspartiets Ungdom. Vært lønnet, men ikke nå"
                                 lenger.
"                                 Kommunestyremedlem, Larvik Kommune. Godtgjøres, sagt det fra"
                                 meg i vara perioden.
"                                 Styremedlem, Larvik kulturhus Bølgen KF."
"                                 Styremedlem, Larviks Kommunale boligstiftelse."
"                                 Fylkestingsmedlem, Vestfold fylkeskommune. Godtgjøres, sagt det"
                                 fra meg i vara perioden.
"§3    Selvstendig næring         Daglig leder ""Ytrevik Egg og Fjærfe"" ENK. Har drevet med små skala"
"                                 eggproduksjon. Er under avvikling, men per dags dato er ENKet"
                                 fortsatt registrert.
§4    Lønnet stilling m.v.       Elektriker 100% - Reis Elektro AS. Vært i permisjon siden mai.
§5    Tidligere arbeidsgiver     Permisjon fra Reis Elektro AS. Har vært i permisjon siden mai i
                                 forbindelse med valget. Denne permisjonen forlenget jeg til å gjelde ut
                                 varapaerioden.
"§6    Framtidig arbeidsgiver     Skal tilbake til Reis Elektro AS, etter perioden som Elektriker."
§8   Eiendom i næring       Min næringsvirksomhet foregår på Gumserød gård som jeg og familie
                            forpakter for Vestfold Fylkeskommune. Derav eier ikke jeg noen av
                            byggene jeg driver/ har drevet virksomhet i.
§9   Selskapsinteresser     Proximar Seafood AS - 61 aksjer
"                            NVIDIA - 0,28 aksjer"
"                            Rheinmetall AG - 0,02 aksjer"
